Workbook

Sheet Haircut
A1: Scenario 2 | B1: 0.25 | C1: std dev
A2: Scenario 3 | B2: 0.5 | C2: std dev
A4: Scenario 2
A5: Dates | B5: quarter | C5: gdp | D5: reporate | E5: cpi | F5: forex | G5: property | H5: d_price | I5: d_property
A6: 45473 | B6: 257 | C6: =$B$1*_xlfn.STDEV.S(Macro!C$2:C$42) -> 0.62608705 | D6: =$B$1*_xlfn.STDEV.S(Macro!G$2:G$42) -> 0.251851 | E6: =$B$1*_xlfn.STDEV.S(Macro!D$2:D$42) -> 0.42527583 | F6: =$B$1*_xlfn.STDEV.S(Macro!E$2:E$42) -> 255.95349 | G6: =$B$1*_xlfn.STDEV.S(Macro!F$2:F$42) -> 1.5846023 | H6: =$B$1*_xlfn.STDEV.S(Macro!I$2:I$42) -> 0.98058068 | I6: =$B$1*_xlfn.STDEV.S(Macro!J$2:J$42) -> 0.088571398
A7: 45565 | B7: 258 | C7: =$B$1*_xlfn.STDEV.S(Macro!C$2:C$42) -> 0.62608705 | D7: =$B$1*_xlfn.STDEV.S(Macro!G$2:G$42) -> 0.251851 | E7: =$B$1*_xlfn.STDEV.S(Macro!D$2:D$42) -> 0.42527583 | F7: =$B$1*_xlfn.STDEV.S(Macro!E$2:E$42) -> 255.95349 | G7: =$B$1*_xlfn.STDEV.S(Macro!F$2:F$42) -> 1.5846023 | H7: =$B$1*_xlfn.STDEV.S(Macro!I$2:I$42) -> 0.98058068 | I7: =$B$1*_xlfn.STDEV.S(Macro!J$2:J$42) -> 0.088571398
A8: 45657 | B8: 259 | C8: =$B$1*_xlfn.STDEV.S(Macro!C$2:C$42) -> 0.62608705 | D8: =$B$1*_xlfn.STDEV.S(Macro!G$2:G$42) -> 0.251851 | E8: =$B$1*_xlfn.STDEV.S(Macro!D$2:D$42) -> 0.42527583 | F8: =$B$1*_xlfn.STDEV.S(Macro!E$2:E$42) -> 255.95349 | G8: =$B$1*_xlfn.STDEV.S(Macro!F$2:F$42) -> 1.5846023 | H8: =$B$1*_xlfn.STDEV.S(Macro!I$2:I$42) -> 0.98058068 | I8: =$B$1*_xlfn.STDEV.S(Macro!J$2:J$42) -> 0.088571398
A9: 45747 | B9: 260 | C9: =$B$1*_xlfn.STDEV.S(Macro!C$2:C$42) -> 0.62608705 | D9: =$B$1*_xlfn.STDEV.S(Macro!G$2:G$42) -> 0.251851 | E9: =$B$1*_xlfn.STDEV.S(Macro!D$2:D$42) -> 0.42527583 | F9: =$B$1*_xlfn.STDEV.S(Macro!E$2:E$42) -> 255.95349 | G9: =$B$1*_xlfn.STDEV.S(Macro!F$2:F$42) -> 1.5846023 | H9: =$B$1*_xlfn.STDEV.S(Macro!I$2:I$42) -> 0.98058068 | I9: =$B$1*_xlfn.STDEV.S(Macro!J$2:J$42) -> 0.088571398
A10: 45838 | B10: 261 | C10: =$B$1*_xlfn.STDEV.S(Macro!C$2:C$42) -> 0.62608705 | D10: =$B$1*_xlfn.STDEV.S(Macro!G$2:G$42) -> 0.251851 | E10: =$B$1*_xlfn.STDEV.S(Macro!D$2:D$42) -> 0.42527583 | F10: =$B$1*_xlfn.STDEV.S(Macro!E$2:E$42) -> 255.95349 | G10: =$B$1*_xlfn.STDEV.S(Macro!F$2:F$42) -> 1.5846023 | H10: =$B$1*_xlfn.STDEV.S(Macro!I$2:I$42) -> 0.98058068 | I10: =$B$1*_xlfn.STDEV.S(Macro!J$2:J$42) -> 0.088571398
A11: 45930 | B11: 262 | C11: =$B$1*_xlfn.STDEV.S(Macro!C$2:C$42) -> 0.62608705 | D11: =$B$1*_xlfn.STDEV.S(Macro!G$2:G$42) -> 0.251851 | E11: =$B$1*_xlfn.STDEV.S(Macro!D$2:D$42) -> 0.42527583 | F11: =$B$1*_xlfn.STDEV.S(Macro!E$2:E$42) -> 255.95349 | G11: =$B$1*_xlfn.STDEV.S(Macro!F$2:F$42) -> 1.5846023 | H11: =$B$1*_xlfn.STDEV.S(Macro!I$2:I$42) -> 0.98058068 | I11: =$B$1*_xlfn.STDEV.S(Macro!J$2:J$42) -> 0.088571398
A12: 46022 | B12: 263 | C12: =$B$1*_xlfn.STDEV.S(Macro!C$2:C$42) -> 0.62608705 | D12: =$B$1*_xlfn.STDEV.S(Macro!G$2:G$42) -> 0.251851 | E12: =$B$1*_xlfn.STDEV.S(Macro!D$2:D$42) -> 0.42527583 | F12: =$B$1*_xlfn.STDEV.S(Macro!E$2:E$42) -> 255.95349 | G12: =$B$1*_xlfn.STDEV.S(Macro!F$2:F$42) -> 1.5846023 | H12: =$B$1*_xlfn.STDEV.S(Macro!I$2:I$42) -> 0.98058068 | I12: =$B$1*_xlfn.STDEV.S(Macro!J$2:J$42) -> 0.088571398
A14: Scenario 3
A15: Dates | B15: quarter | C15: gdp | D15: reporate | E15: cpi | F15: forex | G15: property | H15: d_price | I15: d_property
A16: 45473 | B16: 257 | C16: =$B$2*_xlfn.STDEV.S(Macro!C$2:C$42) -> 1.2521741 | D16: =$B$2*_xlfn.STDEV.S(Macro!G$2:G$42) -> 0.503702 | E16: =$B$2*_xlfn.STDEV.S(Macro!D$2:D$42) -> 0.85055167 | F16: =$B$2*_xlfn.STDEV.S(Macro!E$2:E$42) -> 511.90699 | G16: =$B$2*_xlfn.STDEV.S(Macro!F$2:F$42) -> 3.1692047 | H16: =$B$2*_xlfn.STDEV.S(Macro!I$2:I$42) -> 1.9611614 | I16: =$B$2*_xlfn.STDEV.S(Macro!J$2:J$42) -> 0.1771428
A17: 45565 | B17: 258 | C17: =$B$2*_xlfn.STDEV.S(Macro!C$2:C$42) -> 1.2521741 | D17: =$B$2*_xlfn.STDEV.S(Macro!G$2:G$42) -> 0.503702 | E17: =$B$2*_xlfn.STDEV.S(Macro!D$2:D$42) -> 0.85055167 | F17: =$B$2*_xlfn.STDEV.S(Macro!E$2:E$42) -> 511.90699 | G17: =$B$2*_xlfn.STDEV.S(Macro!F$2:F$42) -> 3.1692047 | H17: =$B$2*_xlfn.STDEV.S(Macro!I$2:I$42) -> 1.9611614 | I17: =$B$2*_xlfn.STDEV.S(Macro!J$2:J$42) -> 0.1771428
A18: 45657 | B18: 259 | C18: =$B$2*_xlfn.STDEV.S(Macro!C$2:C$42) -> 1.2521741 | D18: =$B$2*_xlfn.STDEV.S(Macro!G$2:G$42) -> 0.503702 | E18: =$B$2*_xlfn.STDEV.S(Macro!D$2:D$42) -> 0.85055167 | F18: =$B$2*_xlfn.STDEV.S(Macro!E$2:E$42) -> 511.90699 | G18: =$B$2*_xlfn.STDEV.S(Macro!F$2:F$42) -> 3.1692047 | H18: =$B$2*_xlfn.STDEV.S(Macro!I$2:I$42) -> 1.9611614 | I18: =$B$2*_xlfn.STDEV.S(Macro!J$2:J$42) -> 0.1771428
A19: 45747 | B19: 260 | C19: =$B$2*_xlfn.STDEV.S(Macro!C$2:C$42) -> 1.2521741 | D19: =$B$2*_xlfn.STDEV.S(Macro!G$2:G$42) -> 0.503702 | E19: =$B$2*_xlfn.STDEV.S(Macro!D$2:D$42) -> 0.85055167 | F19: =$B$2*_xlfn.STDEV.S(Macro!E$2:E$42) -> 511.90699 | G19: =$B$2*_xlfn.STDEV.S(Macro!F$2:F$42) -> 3.1692047 | H19: =$B$2*_xlfn.STDEV.S(Macro!I$2:I$42) -> 1.9611614 | I19: =$B$2*_xlfn.STDEV.S(Macro!J$2:J$42) -> 0.1771428
A20: 45838 | B20: 261 | C20: =$B$2*_xlfn.STDEV.S(Macro!C$2:C$42) -> 1.2521741 | D20: =$B$2*_xlfn.STDEV.S(Macro!G$2:G$42) -> 0.503702 | E20: =$B$2*_xlfn.STDEV.S(Macro!D$2:D$42) -> 0.85055167 | F20: =$B$2*_xlfn.STDEV.S(Macro!E$2:E$42) -> 511.90699 | G20: =$B$2*_xlfn.STDEV.S(Macro!F$2:F$42) -> 3.1692047 | H20: =$B$2*_xlfn.STDEV.S(Macro!I$2:I$42) -> 1.9611614 | I20: =$B$2*_xlfn.STDEV.S(Macro!J$2:J$42) -> 0.1771428
A21: 45930 | B21: 262 | C21: =$B$2*_xlfn.STDEV.S(Macro!C$2:C$42) -> 1.2521741 | D21: =$B$2*_xlfn.STDEV.S(Macro!G$2:G$42) -> 0.503702 | E21: =$B$2*_xlfn.STDEV.S(Macro!D$2:D$42) -> 0.85055167 | F21: =$B$2*_xlfn.STDEV.S(Macro!E$2:E$42) -> 511.90699 | G21: =$B$2*_xlfn.STDEV.S(Macro!F$2:F$42) -> 3.1692047 | H21: =$B$2*_xlfn.STDEV.S(Macro!I$2:I$42) -> 1.9611614 | I21: =$B$2*_xlfn.STDEV.S(Macro!J$2:J$42) -> 0.1771428
A22: 46022 | B22: 263 | C22: =$B$2*_xlfn.STDEV.S(Macro!C$2:C$42) -> 1.2521741 | D22: =$B$2*_xlfn.STDEV.S(Macro!G$2:G$42) -> 0.503702 | E22: =$B$2*_xlfn.STDEV.S(Macro!D$2:D$42) -> 0.85055167 | F22: =$B$2*_xlfn.STDEV.S(Macro!E$2:E$42) -> 511.90699 | G22: =$B$2*_xlfn.STDEV.S(Macro!F$2:F$42) -> 3.1692047 | H22: =$B$2*_xlfn.STDEV.S(Macro!I$2:I$42) -> 1.9611614 | I22: =$B$2*_xlfn.STDEV.S(Macro!J$2:J$42) -> 0.1771428

Sheet Macro
A1: Dates | B1: quarter | C1: gdp | D1: cpi | E1: forex | F1: property | G1: reporate | H1: d_repo | I1: d_price | J1: d_property
A2: 41820 | B2: 217 | C2: 4.94 | D2: 6.7 | E2: 11855 | F2: 85.750547 | G2: 6.25
A3: 41912 | B3: =B2+1 -> 218 | C3: 4.93 | D3: 4.53 | E3: 12182.5 | F3: 87.002505 | G3: 6.25 | H3: =G3-G2 -> 0 | I3: =-H3*10 -> 0 | J3: =F3-F2 -> 1.251958
A4: 42004 | B4: =B3+1 -> 219 | C4: 5.05 | D4: 8.36 | E4: 12385 | F4: 88.342343 | G4: 6.5 | H4: =G4-G3 -> 0.25 | I4: =-H4*10 -> -2.5 | J4: =F4-F3 -> 1.3398386
A5: 42094 | B5: =B4+1 -> 220 | C5: 4.83 | D5: 6.38 | E5: 13075 | F5: 89.614473 | G5: 6.25 | H5: =G5-G4 -> -0.25 | I5: =-H5*10 -> 2.5 | J5: =F5-F4 -> 1.2721297
A6: 42185 | B6: =B5+1 -> 221 | C6: 4.74 | D6: 7.26 | E6: 13332.8 | F6: 90.851153 | G6: 6.25 | H6: =G6-G5 -> 0 | I6: =-H6*10 -> 0 | J6: =F6-F5 -> 1.2366797
A7: 42277 | B7: =B6+1 -> 222 | C7: 4.78 | D7: 6.83 | E7: 14651.3 | F7: 91.750579 | G7: 6.25 | H7: =G7-G6 -> 0 | I7: =-H7*10 -> 0 | J7: =F7-F6 -> 0.89942641
A8: 42369 | B8: =B7+1 -> 223 | C8: 5.15 | D8: 3.35 | E8: 13787.5 | F8: 92.420358 | G8: 6.25 | H8: =G8-G7 -> 0 | I8: =-H8*10 -> 0 | J8: =F8-F7 -> 0.66977923
A9: 42460 | B9: =B8+1 -> 224 | C9: 4.94 | D9: 4.45 | E9: 13260 | F9: 93.33532 | G9: 5.5 | H9: =G9-G8 -> -0.75 | I9: =-H9*10 -> 7.5 | J9: =F9-F8 -> 0.91496155
A10: 42551 | B10: =B9+1 -> 225 | C10: 5.21 | D10: 3.45 | E10: 13220 | F10: 93.932666 | G10: 5.25 | H10: =G10-G9 -> -0.25 | I10: =-H10*10 -> 2.5 | J10: =F10-F9 -> 0.59734605
A11: 42643 | B11: =B10+1 -> 226 | C11: 5.03 | D11: 3.07 | E11: 13051 | F11: 94.270824 | G11: 4.75 | H11: =G11-G10 -> -0.5 | I11: =-H11*10 -> 5 | J11: =F11-F10 -> 0.3381576
A12: 42735 | B12: =B11+1 -> 227 | C12: 4.94 | D12: 3.02 | E12: 13472.5 | F12: 94.619626 | G12: 4.75 | H12: =G12-G11 -> 0 | I12: =-H12*10 -> 0 | J12: =F12-F11 -> 0.34880205
A13: 42825 | B13: =B12+1 -> 228 | C13: 5.01 | D13: 3.61 | E13: 13325.5 | F13: 95.783447 | G13: 4.75 | H13: =G13-G12 -> 0 | I13: =-H13*10 -> 0 | J13: =F13-F12 -> 1.1638214
A14: 42916 | B14: =B13+1 -> 229 | C14: 5.01 | D14: 4.37 | E14: 13327.5 | F14: 96.913692 | G14: 4.75 | H14: =G14-G13 -> 0 | I14: =-H14*10 -> 0 | J14: =F14-F13 -> 1.1302447
... A37: 45016 | B37: =B36+1 -> 252 | C37: 5.03 | D37: 4.97 | E37: 14994.5 | F37: 106.7472 | G37: 5.75 | H37: =G37-G36 -> 0.25 | I37: =-H37*10 -> -2.5 | J37: =F37-F36 -> 0.45012027
A38: 45107 | B38: 253 | C38: 5.17 | D38: 3.52 | E38: 14869.857 | F38: 107.26 | G38: 5.75 | H38: =G38-G37 -> 0 | I38: =-H38*10 -> 0 | J38: =F38-F37 -> 0.51280316
A39: 45199 | B39: 254 | C39: 4.94 | D39: 2.28 | E39: 15213.029 | F39: 107.87266 | G39: 6 | H39: =G39-G38 -> 0.25 | I39: =-H39*10 -> -2.5 | J39: =F39-F38 -> 0.6126632
A40: 45291 | B40: 255 | C40: 5.04 | D40: 2.81 | E40: 15629.27 | F40: 108.14741 | G40: 6 | H40: =G40-G39 -> 0 | I40: =-H40*10 -> 0 | J40: =F40-F39 -> 0.27474187
A41: 45382 | B41: 256 | C41: 5.11 | D41: 3.05 | E41: 15656.22 | F41: 108.76071 | G41: 6 | H41: =G41-G40 -> 0 | I41: =-H41*10 -> 0 | J41: =F41-F40 -> 0.61330986
A42: 45473 | B42: 257 | C42: 5.05 | D42: 2.51 | E42: 16394 | F42: 109.14658 | G42: 6.25 | H42: =G42-G41 -> 0.25 | I42: =-H42*10 -> -2.5 | J42: =F42-F41 -> 0.38586168

Sheet Scenario 1
A1: Dates | B1: gdp | C1: reporate | D1: cpi | E1: forex | F1: d_property | G1: d_price | H1: d_repo | I1: quarter
A2: 45565 | B2: 4.9 | C2: 6 | D2: 2.8 | E2: 15834 | F2: 1.09 | G2: =-H2*10 -> 2.5 | H2: =C2-Macro!G42 -> -0.25 | I2: 258
A3: 45657 | B3: 5 | C3: 6 | D3: 3.3 | E3: 15662 | F3: 0.76238539 | G3: =-H3*10 -> 0 | H3: =C3-C2 -> 0 | I3: 259
A4: 45747 | B4: 5 | C4: 5.75 | D4: 2.9 | E4: 15639 | F4: 0.43477077 | G4: =-H4*10 -> 2.5 | H4: =C4-C3 -> -0.25 | I4: 260
A5: 45838 | B5: 5.2 | C5: 5.25 | D5: 1.6 | E5: 15639 | F5: 0.24 | G5: =-H5*10 -> 5 | H5: =C5-C4 -> -0.5 | I5: 261
A6: 45930 | B6: 4.9 | C6: 4.75 | D6: 2.7 | E6: 15639 | F6: 0.69 | G6: =-H6*10 -> 5 | H6: =C6-C5 -> -0.5 | I6: 262
A7: 46022 | B7: 4.9 | C7: 4 | D7: 3.1 | E7: 15639 | F7: 1.36 | G7: =-H7*10 -> 7.5 | H7: =C7-C6 -> -0.75 | I7: 263

Sheet Scenario 2
A1: Dates | B1: gdp | C1: reporate | D1: cpi | E1: forex | F1: d_property | G1: d_price | H1: quarter
A2: 45565 | B2: =Macro!C42-Haircut!C6 -> 4.423913 | C2: 6 | D2: =Macro!D42+Haircut!E7 -> 2.9352758 | E2: ='Scenario 1'!E2+Haircut!F6 -> 16089.953 | F2: =Macro!J42-Haircut!I7 -> 0.29729028 | G2: 2.5 | H2: 258
A3: 45657 | B3: =B2-Haircut!C6 -> 3.7978259 | C3: =C2-Haircut!D7 -> 5.748149 | D3: =D2+Haircut!E7 -> 3.3605517 | E3: =E2+Haircut!F7 -> 16345.907 | F3: 0.36 | G3: =-(C3-C2)*10 -> 2.51851 | H3: 259
A4: 45747 | B4: =B3-Haircut!C7 -> 3.1717389 | C4: =C3-Haircut!D8 -> 5.496298 | D4: =D3+Haircut!E8 -> 3.7858275 | E4: =E3+Haircut!F8 -> 16601.86 | F4: 0 | G4: =-(C4-C3)*10 -> 2.51851 | H4: 260
A5: 45838 | B5: =B4-Haircut!C8 -> 2.5456518 | C5: =C4-Haircut!D9 -> 5.244447 | D5: =D4+Haircut!E9 -> 4.2111033 | E5: =E4+Haircut!F9 -> 16857.814 | F5: 0.10715616 | G5: =-(C5-C4)*10 -> 2.51851 | H5: 261
A6: 45930 | B6: ='Scenario 2'!B5-Haircut!C9 -> 1.9195648 | C6: =C5-Haircut!D10 -> 4.992596 | D6: ='Scenario 2'!D5+Haircut!E10 -> 4.6363792 | E6: ='Scenario 2'!E5+Haircut!F10 -> 17113.767 | F6: -0.22045845 | G6: =-(C6-C5)*10 -> 2.51851 | H6: 262
A7: 46022 | B7: =B6-Haircut!C10 -> 1.2934777 | C7: =C6-Haircut!D11 -> 4.740745 | D7: =D6+Haircut!E11 -> 5.061655 | E7: =E6+Haircut!F11 -> 17369.721 | F7: -0.54807306 | G7: =-(C7-C6)*10 -> 2.51851 | H7: 263

Sheet Scenario 3
A1: Dates | B1: gdp | C1: reporate | D1: cpi | E1: forex | F1: d_property | G1: d_price | H1: quarter
A2: 45565 | B2: =Macro!C42-Haircut!C16 -> 3.7978259 | C2: 6 | D2: =Macro!D42+Haircut!E17 -> 3.3605517 | E2: ='Scenario 1'!E2+Haircut!F16 -> 16345.907 | F2: =Macro!J42-Haircut!I17 -> 0.20871888 | G2: 2.5 | H2: 258
A3: 45657 | B3: =B2-Haircut!C18 -> 2.5456518 | C3: =C2+Haircut!D8 -> 6.251851 | D3: =D2+Haircut!E17 -> 4.2111033 | E3: =E2+Haircut!F17 -> 16857.814 | F3: -1.39 | G3: =-(C3-C2)*10 -> -2.51851 | H3: 259
A4: 45747 | B4: =B3-Haircut!C19 -> 1.2934777 | C4: =C3+Haircut!D9 -> 6.503702 | D4: =D3+Haircut!E18 -> 5.061655 | E4: =E3+Haircut!F18 -> 17369.721 | F4: -2.65 | G4: =G3-Haircut!H18 -> -4.4796713 | H4: 260
A5: 45838 | B5: =B4-Haircut!C20 -> 0.041303611 | C5: =C4+Haircut!D10 -> 6.755553 | D5: =D4+Haircut!E19 -> 5.9122067 | E5: =E4+Haircut!F19 -> 17881.628 | F5: -2.57 | G5: =G4-Haircut!H19 -> -6.4408327 | H5: 261
A6: 45930 | B6: ='Scenario 3'!B5-Haircut!C21 -> -1.2108705 | C6: ='Scenario 3'!C5+Haircut!D11 -> 7.007404 | D6: ='Scenario 3'!D5+Haircut!E20 -> 6.7627583 | E6: ='Scenario 3'!E5+Haircut!F20 -> 18393.535 | F6: -1.12 | G6: ='Scenario 3'!G5-Haircut!H20 -> -8.401994 | H6: 262
A7: 46022 | B7: =B6-Haircut!C22 -> -2.4630446 | C7: =C6+Haircut!D12 -> 7.259255 | D7: =D6+Haircut!E21 -> 7.61331 | E7: =E6+Haircut!F21 -> 18905.442 | F7: -0.62 | G7: =G6-Haircut!H21 -> -10.363155 | H7: 263

Sheet Presentation
A1: GDP | B1: Baseline | C1: Adverse 1 | D1: Adverse 2
A2: 2024Q2 | B2: =Macro!C42 -> 5.05 | C2: =Macro!C42 -> 5.05 | D2: =Macro!C42 -> 5.05
A3: 2024Q3 | B3: ='Scenario 1'!B2 -> 4.9 | C3: ='Scenario 2'!B2 -> 4.423913 | D3: ='Scenario 3'!B2 -> 3.7978259
A4: 2024Q4 | B4: ='Scenario 1'!B3 -> 5 | C4: ='Scenario 2'!B3 -> 3.7978259 | D4: ='Scenario 3'!B3 -> 2.5456518
A5: 2025Q1 | B5: ='Scenario 1'!B4 -> 5 | C5: ='Scenario 2'!B4 -> 3.1717389 | D5: ='Scenario 3'!B4 -> 1.2934777
A6: 2025Q2 | B6: ='Scenario 1'!B5 -> 5.2 | C6: ='Scenario 2'!B5 -> 2.5456518 | D6: ='Scenario 3'!B5 -> 0.041303611
A8: 7DRR | B8: Baseline | C8: Adverse 1 | D8: Adverse 2
A9: 2024Q3 | B9: ='Scenario 1'!C2 -> 6 | C9: ='Scenario 2'!C2 -> 6 | D9: ='Scenario 3'!C2 -> 6
A10: 2024Q4 | B10: ='Scenario 1'!C3 -> 6 | C10: ='Scenario 2'!C3 -> 5.748149 | D10: ='Scenario 3'!C3 -> 6.251851
A11: 2025Q1 | B11: ='Scenario 1'!C4 -> 5.75 | C11: ='Scenario 2'!C4 -> 5.496298 | D11: ='Scenario 3'!C4 -> 6.503702
A12: 2025Q2 | B12: ='Scenario 1'!C5 -> 5.25 | C12: ='Scenario 2'!C5 -> 5.244447 | D12: ='Scenario 3'!C5 -> 6.755553
A15: Housing | B15: Baseline | C15: Adverse 1 | D15: Adverse 2
A16: 2024Q2 | B16: =Macro!J42 -> 0.38586168 | C16: 0.38586168 | D16: 0.38586168
A17: 2024Q3 | B17: ='Scenario 1'!F2 -> 1.09 | C17: ='Scenario 2'!F2 -> 0.29729028 | D17: ='Scenario 3'!F2 -> 0.20871888
A18: 2024Q4 | B18: ='Scenario 1'!F3 -> 0.76238539 | C18: ='Scenario 2'!F3 -> 0.36 | D18: ='Scenario 3'!F3 -> -1.39
A19: 2025Q1 | B19: ='Scenario 1'!F4 -> 0.43477077 | C19: ='Scenario 2'!F4 -> 0 | D19: ='Scenario 3'!F4 -> -2.65
A20: 2025Q2 | B20: ='Scenario 1'!F5 -> 0.24 | C20: ='Scenario 2'!F5 -> 0.10715616 | D20: ='Scenario 3'!F5 -> -2.57
A22: Bond Price | B22: Baseline | C22: Adverse 1 | D22: Adverse 2
A23: 2024Q3 | B23: ='Scenario 1'!G2 -> 2.5 | C23: ='Scenario 2'!G2 -> 2.5 | D23: ='Scenario 3'!G2 -> 2.5
A24: 2024Q4 | B24: ='Scenario 1'!G3 -> 0 | C24: ='Scenario 2'!G3 -> 2.51851 | D24: ='Scenario 3'!G3 -> -2.51851
A25: 2025Q1 | B25: ='Scenario 1'!G4 -> 2.5 | C25: ='Scenario 2'!G4 -> 2.51851 | D25: ='Scenario 3'!G4 -> -4.4796713
A26: 2025Q2 | B26: ='Scenario 1'!G5 -> 5 | C26: ='Scenario 2'!G5 -> 2.51851 | D26: ='Scenario 3'!G5 -> -6.4408327
